"state","muni","name"
7,"7-101","Tuxtla Gutierrez"
7,"7-27","Chiapa de Corzo"
7,"7-78","San Cristobal de las Casas"
7,"7-118","San Andres Duraznal"
7,"7-117","Montecristo de Guerrero"
7,"7-116","Marques de Comillas"
7,"7-115","Maravilla Tenejapa"
7,"7-114","Benemerito de las Americas"
7,"7-113","Aldama"
7,"7-112","San Juan Cancuc"
7,"7-111","Zinacantan"
7,"7-110","San Lucas"
7,"7-109","Yajalon"
7,"7-108","Villaflores"
7,"7-107","Villa Corzo"
7,"7-106","Venustiano Carranza"
7,"7-105","Union Juarez"
7,"7-104","Tzimol"
7,"7-103","Tuzantan"
7,"7-102","Tuxtla Chico"
7,"7-100","Tumbala"
7,"7-99","La Trinitaria"
7,"7-98","Totolapa"
7,"7-97","Tonala"
7,"7-94","Teopisca"
7,"7-93","Tenejapa"
7,"7-92","Tecpatan"
7,"7-91","Tapilula"
7,"7-90","Tapalapa"
7,"7-89","Tapachula"
7,"7-88","Sunuapa"
7,"7-87","Suchiate"
7,"7-86","Suchiapa"
7,"7-84","Solosuchiapa"
7,"7-83","Socoltenango"
7,"7-82","Sitala"
7,"7-81","Simojovel"
7,"7-80","Siltepec"
7,"7-79","San Fernando"
7,"7-77","Salto de Agua"
7,"7-76","Sabanilla"
7,"7-75","Las Rosas"
7,"7-74","Reforma"
7,"7-73","Rayon"
7,"7-72","Pueblo Nuevo Solistahuacan"
7,"7-71","Villa Comaltitlan"
7,"7-70","El Porvenir"
7,"7-69","Pijijiapan"
7,"7-68","Pichucalco"
7,"7-67","Pantepec"
7,"7-66","Pantelho"
7,"7-65","Palenque"
7,"7-64","Oxchuc"
7,"7-63","Osumacinta"
7,"7-62","Ostuacan"
7,"7-61","Ocozocoautla de Espinosa"
7,"7-60","Ocotepec"
7,"7-59","Ocosingo"
7,"7-58","Nicolas Ruiz"
7,"7-57","Motozintla"
7,"7-56","Mitontic"
7,"7-55","Metapa"
7,"7-54","Mazatan"
7,"7-53","Mazapa de Madero"
7,"7-52","Las Margaritas"
7,"7-51","Mapastepec"
7,"7-50","La Libertad"
7,"7-49","Larrainzar"
7,"7-48","Juarez"
7,"7-47","Jitotol"
7,"7-46","Jiquipilas"
7,"7-45","Ixtapangajoya"
7,"7-44","Ixtapa"
7,"7-43","Ixtacomitan"
7,"7-42","Ixhuatan"
7,"7-41","La Independencia"
7,"7-40","Huixtla"
7,"7-39","Huitiupan"
7,"7-38","Huixtan"
7,"7-37","Huehuetan"
7,"7-36","La Grandeza"
7,"7-35","Frontera Hidalgo"
7,"7-34","Frontera Comalapa"
7,"7-33","Francisco Leon"
7,"7-32","Escuintla"
7,"7-31","Chilon"
7,"7-30","Chicomuselo"
7,"7-29","Chicoasen"
7,"7-28","Chiapilla"
7,"7-26","Chenalho"
7,"7-25","Chapultenango"
7,"7-24","Chanal"
7,"7-23","Chamula"
7,"7-22","Chalchihuitan"
7,"7-21","Copainala"
7,"7-20","La Concordia"
7,"7-19","Comitan de Dominguez"
7,"7-18","Coapilla"
7,"7-17","Cintalapa"
7,"7-16","Catazaja"
7,"7-15","Cacahoatan"
7,"7-14","El Bosque"
7,"7-13","Bochil"
7,"7-12","Berriozabal"
7,"7-11","Bella Vista"
7,"7-10","Bejucal de Ocampo"
7,"7-9","Arriaga"
7,"7-8","Angel Albino Corzo"
7,"7-7","Amatenango del Valle"
7,"7-6","Amatenango de la Frontera"
7,"7-5","Amatan"
7,"7-4","Altamirano"
7,"7-3","Acapetahua"
7,"7-2","Acala"
7,"7-1","Acacoyagua"
6,"6-9","Tecoman"
6,"6-7","Manzanillo"
6,"6-3","Comala"
6,"6-8","Minatitlan"
6,"6-5","Cuauhtemoc"
6,"6-10","Villa de Alvarez"
6,"6-2","Colima"
6,"6-4","Coquimatlan"
6,"6-1","Armeria"
6,"6-6","Ixtlahuacan"
5,"5-33","San Pedro"
5,"5-32","San Juan de Sabinas"
5,"5-31","San Buenaventura"
5,"5-28","Sabinas"
5,"5-23","Ocampo"
5,"5-21","Nadadores"
5,"5-20","Muzquiz"
5,"5-17","Matamoros"
5,"5-16","Lamadrid"
5,"5-12","Guerrero"
5,"5-10","Frontera"
5,"5-6","Castanos"
5,"5-3","Allende"
5,"5-2","Acuna"
5,"5-29","Sacramento"
5,"5-26","Progreso"
5,"5-25","Piedras Negras"
5,"5-24","Parras"
5,"5-22","Nava"
5,"5-19","Morelos"
5,"5-18","Monclova"
5,"5-15","Juarez"
5,"5-14","Jimenez"
5,"5-13","Hidalgo"
5,"5-11","General Cepeda"
5,"5-9","Francisco I Madero"
5,"5-8","Escobedo"
5,"5-7","Cuatro Cienegas"
5,"5-5","Candela"
5,"5-4","Arteaga"
5,"5-1","Abasolo"
5,"5-38","Zaragoza"
5,"5-37","Villa Union"
5,"5-36","Viesca"
5,"5-34","Sierra Mojada"
5,"5-27","Ramos Arizpe"
5,"5-30","Saltillo"
5,"5-35","Torreon"
11,"11-33","San Luis de la Paz"
11,"11-23","Penjamo"
11,"11-45","Xichu"
11,"11-30","San Felipe"
11,"11-20","Leon"
11,"11-46","Yuriria"
11,"11-41","Uriangato"
11,"11-40","Tierra Blanca"
11,"11-44","Villagran"
11,"11-34","Santa Catarina"
11,"11-43","Victoria"
11,"11-29","San Diego de la Union"
11,"11-36","Santiago Maravatio"
11,"11-42","Valle de Santiago"
11,"11-31","San Francisco del Rincon"
11,"11-25","Purisima del Rincon"
11,"11-24","Pueblo Nuevo"
11,"11-22","Ocampo"
11,"11-21","Moroleon"
11,"11-26","Romita"
11,"11-37","Silao"
11,"11-38","Tarandacuao"
11,"11-18","Jaral del Progreso"
11,"11-27","Salamanca"
11,"11-17","Irapuato"
11,"11-14","Dolores Hidalgo Cuna de la Independencia Nal"
11,"11-11","Cortazar"
11,"11-7","Celaya"
11,"11-5","Apaseo el Grande"
11,"11-1","Abasolo"
11,"11-16","Huanimaro"
11,"11-2","Acambaro"
11,"11-9","Comonfort"
11,"11-35","Santa Cruz de Juventino Rosas"
11,"11-3","San Miguel de Allende"
11,"11-4","Apaseo el Alto"
11,"11-19","Jerecuaro"
11,"11-39","Tarimoro"
11,"11-12","Cueramaro"
11,"11-8","Manuel Doblado"
11,"11-10","Coroneo"
11,"11-28","Salvatierra"
11,"11-32","San Jose Iturbide"
11,"11-13","Doctor Mora"
10,"10-39","Nuevo Ideal"
10,"10-38","Vicente Guerrero"
10,"10-37","Topia"
10,"10-36","Tlahualilo"
10,"10-35","Tepehuanes"
10,"10-34","Tamazula"
10,"10-33","Suchil"
10,"10-32","Santiago Papasquiaro"
10,"10-31","Santa Clara"
10,"10-30","San Pedro del Gallo"
10,"10-29","San Luis del Cordero"
10,"10-28","San Juan del Rio"
10,"10-27","San Juan de Guadalupe"
10,"10-26","San Dimas"
10,"10-25","San Bernardo"
10,"10-24","Rodeo"
10,"10-23","Pueblo Nuevo"
10,"10-22","Poanas"
10,"10-21","Penon Blanco"
10,"10-20","Panuco de Coronado"
10,"10-19","Otaez"
10,"10-18","El Oro"
10,"10-17","Ocampo"
10,"10-16","Nombre de Dios"
10,"10-15","Nazas"
10,"10-14","Mezquital"
10,"10-13","Mapimi"
10,"10-12","Lerdo"
10,"10-11","Inde"
10,"10-10","Hidalgo"
10,"10-9","Guanacevi"
10,"10-8","Guadalupe Victoria"
10,"10-7","Gomez Palacio"
10,"10-6","General Simon Bolivar"
10,"10-5","Durango"
10,"10-4","Cuencame"
10,"10-3","Coneto de Comonfort"
10,"10-2","Canelas"
10,"10-1","Canatlan"
9,"9-17","Venustiano Carranza"
9,"9-16","Miguel Hidalgo"
9,"9-15","Cuauhtemoc"
9,"9-14","Benito Juarez"
9,"9-13","Xochimilco"
9,"9-12","Tlalpan"
9,"9-11","Tlahuac"
9,"9-10","Alvaro Obregon"
9,"9-9","Milpa Alta"
9,"9-8","La Magdalena Contreras"
9,"9-7","Iztapalapa"
9,"9-6","Iztacalco"
9,"9-5","Gustavo A Madero"
9,"9-4","Cuajimalpa de Morelos"
9,"9-3","Coyoacan"
9,"9-2","Azcapotzalco"
8,"8-4","Aquiles Serdan"
8,"8-67","Valle de Zaragoza"
8,"8-66","Uruachi"
8,"8-65","Urique"
8,"8-64","El Tule"
8,"8-63","Temosachi"
8,"8-62","Saucillo"
8,"8-61","Satevo"
8,"8-60","Santa Barbara"
8,"8-59","San Francisco del Oro"
8,"8-58","San Francisco de Conchos"
8,"8-57","San Francisco de Borja"
8,"8-56","Rosario"
8,"8-55","Rosales"
8,"8-54","Riva Palacio"
8,"8-53","Praxedis G Guerrero"
8,"8-52","Ojinaga"
8,"8-51","Ocampo"
8,"8-50","Nuevo Casas Grandes"
8,"8-49","Nonoava"
8,"8-47","Moris"
8,"8-46","Morelos"
8,"8-45","Meoqui"
8,"8-44","Matamoros"
8,"8-43","Matachi"
8,"8-42","Manuel Benavides"
8,"8-41","Maguarichi"
8,"8-40","Madera"
8,"8-39","Lopez"
8,"8-38","Julimes"
8,"8-37","Juarez"
8,"8-36","Jimenez"
8,"8-35","Janos"
8,"8-34","Ignacio Zaragoza"
8,"8-33","Huejotitan"
8,"8-32","Hidalgo del Parral"
8,"8-31","Guerrero"
8,"8-30","Guazapares"
8,"8-29","Guadalupe y Calvo"
8,"8-28","Guadalupe"
8,"8-27","Guachochi"
8,"8-26","Gran Morelos"
8,"8-25","Gomez Farias"
8,"8-24","Santa Isabel"
8,"8-23","Galeana"
8,"8-22","Dr Belisario Dominguez"
8,"8-21","Delicias"
8,"8-20","Chinipas"
8,"8-19","Chihuahua"
8,"8-18","Cusihuiriachi"
8,"8-17","Cuauhtemoc"
8,"8-16","La Cruz"
8,"8-15","Coyame del Sotol"
8,"8-14","Coronado"
8,"8-13","Casas Grandes"
8,"8-12","Carichi"
8,"8-11","Camargo"
8,"8-10","Buenaventura"
8,"8-9","Bocoyna"
8,"8-8","Batopilas"
8,"8-7","Balleza"
8,"8-6","Bachiniva"
8,"8-5","Ascension"
8,"8-3","Allende"
8,"8-2","Aldama"
8,"8-1","Ahumada"
16,"16-52","Lazaro Cardenas"
16,"16-10","Arteaga"
16,"16-8","Aquila"
16,"16-77","San Lucas"
16,"16-96","Tumbiscatio"
16,"16-38","Huetamo"
16,"16-14","Coahuayana"
16,"16-29","Churumuco"
16,"16-26","Chinicuila"
16,"16-15","Coalcoman de Vazquez Pallares"
16,"16-2","Aguililla"
16,"16-35","La Huacana"
16,"16-55","Mugica"
16,"16-97","Turicato"
16,"16-13","Caracuaro"
16,"16-57","Nocupetaro"
16,"16-6","Apatzingan"
16,"16-89","Tepalcatepec"
16,"16-33","Gabriel Zamora"
16,"16-64","Paracuaro"
16,"16-59","Nuevo Urecho"
16,"16-9","Ario"
16,"16-81","Susupuato"
16,"16-92","Tiquicheo de Nicolas Romero"
16,"16-46","Juarez"
16,"16-87","Taretan"
16,"16-82","Tacambaro"
16,"16-12","Buenavista"
16,"16-99","Tuzantla"
16,"16-58","Nuevo Parangaricutiro"
16,"16-79","Salvador Escalante"
16,"16-111","Ziracuaretiro"
16,"16-47","Jungapeo"
16,"16-83","Tancitaro"
16,"16-49","Madero"
16,"16-1","Acuitzio"
16,"16-112","Zitacuaro"
15,"15-8","Amatepec"
15,"15-6","Almoloya del Rio"
15,"15-7","Amanalco"
15,"15-40","Ixtapan de la Sal"
15,"15-38","Isidro Fabela"
15,"15-35","Huehuetoca"
15,"15-36","Hueypoxtla"
15,"15-34","Ecatzingo"
15,"15-39","Ixtapaluca"
15,"15-77","San Simon de Guerrero"
15,"15-76","San Mateo Atenco"
15,"15-75","San Martin de las Piramides"
15,"15-81","Tecamac"
15,"15-80","Sultepec"
15,"15-79","Soyaniquilpan de Juarez"
15,"15-78","Santo Tomas"
15,"15-46","Jilotzingo"
15,"15-45","Jilotepec"
15,"15-51","Lerma"
15,"15-49","Joquicingo"
15,"15-42","Ixtlahuaca"
15,"15-48","Jocotitlan"
15,"15-47","Jiquipilco"
15,"15-44","Jaltenco"
15,"15-17","Ayapango"
15,"15-15","Atlautla"
15,"15-19","Capulhuac"
15,"15-21","Coatepec Harinas"
15,"15-20","Coacalco de Berriozabal"
15,"15-18","Calimaya"
15,"15-16","Axapusco"
15,"15-2","Acolman"
15,"15-69","Papalotla"
15,"15-68","Ozumba"
15,"15-72","Rayon"
15,"15-73","San Antonio la Isla"
15,"15-66","Otzoloapan"
15,"15-67","Otzolotepec"
15,"15-74","San Felipe del Progreso"
15,"15-13","Atizapan de Zaragoza"
15,"15-12","Atizapan"
15,"15-9","Amecameca"
15,"15-11","Atenco"
15,"15-10","Apaxco"
15,"15-14","Atlacomulco"
15,"15-4","Almoloya de Alquisiras"
15,"15-27","Chapultepec"
15,"15-31","Chimalhuacan"
15,"15-30","Chiconcuac"
15,"15-29","Chicoloapan"
15,"15-26","Chapa de Mota"
15,"15-23","Coyotepec"
15,"15-28","Chiautla"
15,"15-22","Cocotitlan"
15,"15-53","Melchor Ocampo"
15,"15-52","Malinalco"
15,"15-59","Nextlalpan"
15,"15-56","Morelos"
15,"15-61","Nopaltepec"
15,"15-55","Mexicaltzingo"
15,"15-54","Metepec"
15,"15-60","Nicolas Romero"
15,"15-5","Almoloya de Juarez"
15,"15-93","Tepetlaoxtoc"
15,"15-95","Tepotzotlan"
15,"15-94","Tepetlixpa"
15,"15-97","Texcaltitlan"
15,"15-96","Tequixquiac"
15,"15-99","Texcoco"
15,"15-98","Texcalyacac"
15,"15-100","Tezoyuca"
15,"15-112","Villa del Carbon"
15,"15-107","Tonatico"
15,"15-110","Valle de Bravo"
15,"15-90","Tenango del Valle"
15,"15-92","Teotihuacan"
15,"15-91","Teoloyucan"
15,"15-87","Temoaya"
15,"15-88","Tenancingo"
15,"15-89","Tenango del Aire"
15,"15-63","Ocuilan"
15,"15-65","Otumba"
15,"15-102","Timilpan"
15,"15-101","Tianguistenco"
15,"15-105","Tlatlaya"
15,"15-106","Toluca"
15,"15-103","Tlalmanalco"
15,"15-86","Temascaltepec"
15,"15-82","Tejupilco"
15,"15-84","Temascalapa"
15,"15-83","Temamatla"
15,"15-124","San Jose del Rincon"
15,"15-109","Tultitlan"
15,"15-108","Tultepec"
15,"15-24","Cuautitlan"
15,"15-71","Polotitlan"
15,"15-41","Ixtapan del Oro"
15,"15-32","Donato Guerra"
15,"15-111","Villa de Allende"
15,"15-3","Aculco"
15,"15-1","Acambay"
15,"15-64","El Oro"
15,"15-85","Temascalcingo"
15,"15-50","Juchitepec"
15,"15-25","Chalco"
15,"15-122","Valle de Chalco Solidaridad"
15,"15-70","La Paz"
15,"15-58","Nezahualcoyotl"
15,"15-33","Ecatepec de Morelos"
15,"15-104","Tlalnepantla de Baz"
15,"15-57","Naucalpan de Juarez"
15,"15-62","Ocoyoacac"
15,"15-37","Huixquilucan"
15,"15-43","Xalatlaco"
15,"15-125","Tonanitla"
15,"15-123","Luvianos"
15,"15-120","Zumpango"
15,"15-118","Zinacantepec"
15,"15-121","Cuautitlan Izcalli"
15,"15-114","Villa Victoria"
15,"15-116","Zacazonapan"
15,"15-113","Villa Guerrero"
15,"15-115","Xonacatlan"
15,"15-119","Zumpahuacan"
15,"15-117","Zacualpan"
14,"14-67","Puerto Vallarta"
14,"14-43","La Huerta"
14,"14-42","Huejuquilla el Alto"
14,"14-61","Mezquitic"
14,"14-41","Huejucar"
14,"14-81","Santa Maria de los Angeles"
14,"14-25","Colotlan"
14,"14-115","Villa Guerrero"
14,"14-104","Totatiche"
14,"14-19","Bolanos"
14,"14-64","Ojuelos de Jalisco"
14,"14-31","Chimaltitan"
14,"14-53","Lagos de Moreno"
14,"14-76","San Martin de Bolanos"
14,"14-116","Villa Hidalgo"
14,"14-35","Encarnacion de Diaz"
14,"14-91","Teocaltiche"
14,"14-94","Tequila"
14,"14-73","San Juan de los Lagos"
14,"14-60","Mexticacan"
14,"14-46","Jalostotitlan"
14,"14-109","Union de San Antonio"
14,"14-117","Canadas de Obregon"
14,"14-118","Yahualica de Gonzalez Gallo"
14,"14-40","Hostotipaquillo"
14,"14-71","San Cristobal de la Barranca"
14,"14-111","Valle de Guadalupe"
14,"14-78","San Miguel el Alto"
14,"14-74","San Julian"
14,"14-29","Cuquio"
14,"14-45","Ixtlahuacan del Rio"
14,"14-72","San Diego de Alejandria"
14,"14-80","San Sebastian del Oeste"
14,"14-93","Tepatitlan de Morelos"
14,"14-55","Magdalena"
14,"14-120","Zapopan"
14,"14-38","Guachinango"
14,"14-75","San Marcos"
14,"14-5","Amatitan"
14,"14-7","San Juanito de Escobedo"
14,"14-8","Arandas"
14,"14-36","Etzatlan"
14,"14-1","Acatic"
14,"14-125","San Ignacio Cerro Gordo"
14,"14-58","Mascota"
14,"14-9","El Arenal"
14,"14-3","Ahualulco de Mercado"
14,"14-124","Zapotlanejo"
14,"14-95","Teuchitlan"
14,"14-48","Jesus Maria"
14,"14-39","Guadalajara"
14,"14-83","Tala"
14,"14-62","Mixtlan"
14,"14-6","Ameca"
14,"14-101","Tonala"
14,"14-13","Atotonilco el Alto"
14,"14-98","Tlaquepaque"
14,"14-105","Tototlan"
14,"14-97","Tlajomulco de Zuniga"
14,"14-77","San Martin Hidalgo"
14,"14-16","Ayotlan"
14,"14-70","El Salto"
14,"14-84","Talpa de Allende"
14,"14-51","Juanacatlan"
14,"14-33","Degollado"
14,"14-24","Cocula"
14,"14-123","Zapotlan del Rey"
14,"14-20","Cabo Corrientes"
14,"14-114","Villa Corona"
14,"14-12","Atenguillo"
14,"14-2","Acatlan de Juarez"
14,"14-88","Tecolotlan"
14,"14-44","Ixtlahuacan de los Membrillos"
14,"14-63","Ocotlan"
14,"14-18","La Barca"
14,"14-11","Atengo"
14,"14-66","Poncitlan"
14,"14-50","Jocotepec"
14,"14-30","Chapala"
14,"14-47","Jamay"
14,"14-119","Zacoalco de Torres"
14,"14-28","Cuautla"
14,"14-90","Tenamaxtlan"
14,"14-10","Atemajac de Brizuela"
14,"14-100","Tomatlan"
14,"14-17","Ayutla"
14,"14-107","Tuxcueca"
14,"14-92","Teocuitatlan de Corona"
14,"14-32","Chiquilistlan"
14,"14-96","Tizapan el Alto"
14,"14-52","Juchitlan"
14,"14-110","Union de Tula"
14,"14-89","Techaluta de Montenegro"
14,"14-14","Atoyac"
14,"14-86","Tapalpa"
14,"14-57","La Manzanilla de la Paz"
14,"14-26","Concepcion de Buenos Aires"
14,"14-4","Amacueca"
14,"14-68","Villa Purificacion"
14,"14-102","Tonaya"
14,"14-34","Ejutla"
14,"14-59","Mazamitla"
14,"14-112","Valle de Juarez"
14,"14-69","Quitupan"
14,"14-79","Gomez Farias"
14,"14-82","Sayula"
14,"14-15","Autlan de Navarro"
14,"14-54","El Limon"
14,"14-85","Tamazula de Gordiano"
14,"14-37","El Grullo"
14,"14-113","San Gabriel"
14,"14-106","Tuxcacuesco"
14,"14-21","Casimiro Castillo"
14,"14-23","Zapotlan el Grande"
14,"14-121","Zapotiltic"
14,"14-99","Toliman"
14,"14-27","Cuautitlan de Garcia Barragan"
14,"14-56","Santa Maria del Oro"
14,"14-108","Tuxpan"
14,"14-122","Zapotitlan de Vadillo"
14,"14-87","Tecalitlan"
14,"14-103","Tonila"
14,"14-49","Jilotlan de los Dolores"
14,"14-22","Cihuatlan"
14,"14-65","Pihuamo"
13,"13-12","Atotonilco el Grande"
13,"13-11","Atlapexco"
13,"13-10","Atitalaquia"
13,"13-9","El Arenal"
13,"13-8","Apan"
13,"13-7","Almoloya"
13,"13-6","Alfajayucan"
13,"13-5","Ajacuba"
13,"13-4","Agua Blanca de Iturbide"
13,"13-3","Actopan"
13,"13-2","Acaxochitlan"
13,"13-1","Acatlan"
13,"13-43","Nicolas Flores"
13,"13-42","Molango de Escamilla"
13,"13-41","Mixquiahuala de Juarez"
13,"13-40","La Mision"
13,"13-39","Mineral del Monte"
13,"13-38","Mineral del Chico"
13,"13-37","Metztitlan"
13,"13-36","San Agustin Metzquititlan"
13,"13-34","Lolotla"
13,"13-33","Juarez Hidalgo"
13,"13-32","Jaltocan"
13,"13-31","Jacala de Ledezma"
13,"13-30","Ixmiquilpan"
13,"13-29","Huichapan"
13,"13-28","Huejutla de Reyes"
13,"13-27","Huehuetla"
13,"13-26","Huazalingo"
13,"13-25","Huautla"
13,"13-24","Huasca de Ocampo"
13,"13-23","Francisco I Madero"
13,"13-22","Epazoyucan"
13,"13-20","Eloxochitlan"
13,"13-19","Chilcuautla"
13,"13-18","Chapulhuacan"
13,"13-17","Chapantongo"
13,"13-16","Cuautepec de Hinojosa"
13,"13-15","Cardonal"
13,"13-14","Calnali"
13,"13-13","Atotonilco de Tula"
13,"13-21","Emiliano Zapata"
13,"13-44","Nopala de Villagran"
13,"13-35","Metepec"
13,"13-84","Zimapan"
13,"13-83","Zempoala"
13,"13-82","Zapotlan de Juarez"
13,"13-81","Zacualtipan de Angeles"
13,"13-80","Yahualica"
13,"13-79","Xochicoatlan"
13,"13-78","Xochiatipan"
13,"13-77","Tulancingo de Bravo"
13,"13-76","Tula de Allende"
13,"13-75","Tolcayuca"
13,"13-74","Tlaxcoapan"
13,"13-73","Tlanchinol"
13,"13-72","Tlanalapa"
13,"13-71","Tlahuiltepa"
13,"13-70","Tlahuelilpan"
13,"13-69","Tizayuca"
13,"13-68","Tianguistengo"
13,"13-67","Tezontepec de Aldama"
13,"13-66","Villa de Tezontepec"
13,"13-65","Tetepango"
13,"13-64","Tepetitlan"
13,"13-63","Tepeji del Rio de Ocampo"
13,"13-62","Tepehuacan de Guerrero"
13,"13-61","Tepeapulco"
13,"13-60","Tenango de Doria"
13,"13-59","Tecozautla"
13,"13-58","Tasquillo"
13,"13-57","Singuilucan"
13,"13-56","Santiago Tulantepec de Lugo Guerrero"
13,"13-55","Santiago de Anaya"
13,"13-54","San Salvador"
13,"13-53","San Bartolo Tutotepec"
13,"13-52","San Agustin Tlaxiaca"
13,"13-51","Mineral de la Reforma"
13,"13-50","Progreso de Obregon"
13,"13-49","Pisaflores"
13,"13-48","Pachuca de Soto"
13,"13-47","Pacula"
13,"13-46","San Felipe Orizatlan"
13,"13-45","Omitlan de Juarez"
12,"12-2","Ahuacuotzingo"
12,"12-3","Ajuchitlan del Progreso"
12,"12-22","Coyuca de Catalan"
12,"12-24","Cualac"
12,"12-21","Coyuca de Benitez"
12,"12-27","Cutzamala de Pinzon"
12,"12-26","Cuetzala del Progreso"
12,"12-28","Chilapa de Alvarez"
12,"12-29","Chilpancingo de los Bravo"
12,"12-25","Cuautepec"
12,"12-12","Ayutla de los Libres"
12,"12-11","Atoyac de Alvarez"
12,"12-10","Atlixtac"
12,"12-9","Atlamajalcingo del Monte"
12,"12-8","Atenango del Rio"
12,"12-14","Benito Juarez"
12,"12-13","Azoyu"
12,"12-39","Juan R Escudero"
12,"12-43","Metlatonoc"
12,"12-42","Martir de Cuilapan"
12,"12-45","Olinala"
12,"12-41","Malinaltepec"
12,"12-40","Leonardo Bravo"
12,"12-44","Mochitlan"
12,"12-5","Alpoyeca"
12,"12-6","Apaxtla"
12,"12-7","Arcelia"
12,"12-4","Alcozauca de Guerrero"
12,"12-36","Igualapa"
12,"12-37","Ixcateopan de Cuauhtemoc"
12,"12-32","General Heliodoro Castillo"
12,"12-33","Huamuxtitlan"
12,"12-31","General Canuto A Neri"
12,"12-34","Huitzuco de los Figueroa"
12,"12-30","Florencio Villarreal"
12,"12-19","Copalillo"
12,"12-20","Copanatoyac"
12,"12-18","Copala"
12,"12-17","Cocula"
12,"12-16","Coahuayutla de Jose Maria Izazaga"
12,"12-15","Buenavista de Cuellar"
12,"12-71","Xochistlahuaca"
12,"12-70","Xochihuehuetlan"
12,"12-73","Zirandaro"
12,"12-69","Xalpatlahuac"
12,"12-72","Zapotitlan Tablas"
12,"12-63","Tlacoapa"
12,"12-61","Tixtla de Guerrero"
12,"12-64","Tlalchapa"
12,"12-67","Tlapehuala"
12,"12-66","Tlapa de Comonfort"
12,"12-68","La Union de Isidoro Montes de Oca"
12,"12-58","Teloloapan"
12,"12-59","Tepecoacuilco de Trujano"
12,"12-57","Tecpan de Galeana"
12,"12-60","Tetipac"
12,"12-50","Pungarabato"
12,"12-51","Quechultenango"
12,"12-52","San Luis Acatlan"
12,"12-54","San Miguel Totolapan"
12,"12-53","San Marcos"
12,"12-56","Tecoanapa"
12,"12-55","Taxco de Alarcon"
12,"12-78","Cochoapa el Grande"
12,"12-77","Marquelia"
12,"12-80","Juchitan"
12,"12-79","Jose Joaquin de Herrera"
12,"12-81","Iliatenco"
12,"12-75","Eduardo Neri"
12,"12-74","Zitlala"
12,"12-23","Cuajinicuilapa"
12,"12-38","Jose Azueta"
12,"12-65","Tlalixtaquilla de Maldonado"
12,"12-62","Tlacoachistlahuaca"
12,"12-76","Acatepec"
12,"12-1","Acapulco de Juarez"
12,"12-35","Iguala de la Independencia"
12,"12-48","Petatlan"
12,"12-49","Pilcaya"
12,"12-46","Ometepec"
12,"12-47","Pedro Ascencio Alquisiras"
11,"11-6","Atarjea"
20,"20-445","Santa Maria Yosoyua"
20,"20-444","Santa Maria Yolotepec"
20,"20-443","Santa Maria Yavesia"
20,"20-442","Santa Maria Yalina"
20,"20-441","Santa Maria Xadani"
20,"20-440","Santa Maria Totolapilla"
20,"20-439","Santa Maria Tonameca"
20,"20-438","Santa Maria Tlalixtac"
20,"20-437","Santa Maria Tlahuitoltepec"
20,"20-436","Santa Maria Texcatitlan"
20,"20-435","Santa Maria Tepantlali"
20,"20-434","Santa Maria Teopoxco"
20,"20-433","Santa Maria Temaxcaltepec"
20,"20-432","Santa Maria Temaxcalapa"
20,"20-431","Santa Maria Tecomavaca"
20,"20-430","Santa Maria Tataltepec"
20,"20-429","Santa Maria Sola"
20,"20-428","Santa Maria Quiegolani"
20,"20-427","Santa Maria Petapa"
20,"20-426","Santa Maria Penoles"
20,"20-425","Santa Maria Papalo"
20,"20-424","Santa Maria Ozolotepec"
20,"20-423","Santa Maria Nduayaco"
20,"20-422","Santa Maria Nativitas"
20,"20-421","Santa Maria Mixtequilla"
20,"20-420","Santa Maria Lachixio"
20,"20-419","Santa Maria Jaltianguis"
20,"20-418","Santa Maria Jalapa del Marques"
20,"20-417","Santa Maria Jacatepec"
20,"20-416","Santa Maria Ixcatlan"
20,"20-415","Santa Maria Ipalapa"
20,"20-414","Santa Maria Huazolotitlan"
20,"20-413","Santa Maria Huatulco"
20,"20-412","Santa Maria Guienagati"
20,"20-411","Santa Maria Guelace"
20,"20-410","Santa Maria Ecatepec"
20,"20-409","Santa Maria del Tule"
20,"20-408","Santa Maria del Rosario"
20,"20-407","Santa Maria Chimalapa"
20,"20-406","Santa Maria Chilchotla"
20,"20-405","Villa de Chilapa de Diaz"
20,"20-404","Santa Maria Chachoapam"
20,"20-403","Santa Maria Coyotepec"
20,"20-402","Santa Maria Cortijo"
20,"20-401","Santa Maria Colotepec"
20,"20-400","Santa Maria Camotlan"
20,"20-399","Santa Maria Atzompa"
20,"20-398","Ayoquezco de Aldama"
20,"20-397","Heroica Ciudad de Tlaxiaco"
20,"20-395","Santa Maria Apazco"
20,"20-394","Santa Maria Alotepec"
20,"20-393","Santa Lucia Ocotlan"
20,"20-392","Santa Lucia Monteverde"
20,"20-391","Santa Lucia Miahuatlan"
20,"20-389","Santa Ines Yatzeche"
20,"20-388","Santa Ines del Monte"
20,"20-387","Santa Gertrudis"
20,"20-386","Santa Cruz Zenzontepec"
20,"20-385","Santa Cruz Xoxocotlan"
20,"20-384","Santa Cruz Xitla"
20,"20-383","Santa Cruz Tayata"
20,"20-382","Santa Cruz Tacahua"
20,"20-381","Santa Cruz Tacache de Mina"
20,"20-380","Santa Cruz Papalutla"
20,"20-379","Santa Cruz Nundaco"
20,"20-378","Santa Cruz Mixtepec"
20,"20-377","Santa Cruz Itundujia"
20,"20-376","Santa Cruz de Bravo"
20,"20-375","Santa Cruz Amilpas"
20,"20-374","Santa Cruz Acatepec"
20,"20-373","Santa Catarina Zapoquila"
20,"20-372","Santa Catarina Yosonotu"
20,"20-371","Santa Catarina Ticua"
20,"20-370","Santa Catarina Tayata"
20,"20-369","Santa Catarina Quiane"
20,"20-368","Santa Catarina Minas"
20,"20-367","Santa Catarina Mechoacan"
20,"20-366","Santa Catarina Loxicha"
20,"20-365","Santa Catarina Lachatao"
20,"20-364","Santa Catarina Juquila"
20,"20-363","Santa Catarina Ixtepeji"
20,"20-362","Santa Catarina Cuixtla"
20,"20-361","Santa Catalina Quieri"
20,"20-360","Santa Ana Zegache"
20,"20-359","Santa Ana Yareni"
20,"20-358","Santa Ana Tlapacoyan"
20,"20-357","Santa Ana Tavela"
20,"20-356","Santa Ana del Valle"
20,"20-355","Santa Ana Cuauhtemoc"
20,"20-354","Santa Ana Ateixtlahuaca"
20,"20-353","Santa Ana"
20,"20-352","San Simon Zahuatlan"
20,"20-351","San Simon Almolongas"
20,"20-349","San Sebastian Teitipac"
20,"20-348","San Sebastian Tecomaxtlahuaca"
20,"20-347","San Sebastian Rio Hondo"
20,"20-346","San Sebastian Nicananduta"
20,"20-345","San Sebastian Ixcapa"
20,"20-344","San Sebastian Coatlan"
20,"20-343","San Sebastian Abasolo"
20,"20-342","San Raymundo Jalpan"
20,"20-341","San Pedro Yucunama"
20,"20-340","San Pedro y San Pablo Tequixtepec"
20,"20-339","San Pedro y San Pablo Teposcolula"
20,"20-338","Villa de Etla"
20,"20-337","San Pedro y San Pablo Ayutla"
20,"20-336","San Pedro Yolox"
20,"20-334","Villa de Tututepec de Melchor Ocampo"
20,"20-333","San Pedro Totolapa"
20,"20-332","San Pedro Topiltepec"
20,"20-331","San Pedro Tidaa"
20,"20-330","San Pedro Teutila"
20,"20-329","San Pedro Teozacoalco"
20,"20-328","San Pedro Taviche"
20,"20-326","San Pedro Sochiapam"
20,"20-325","San Pedro Quiatoni"
20,"20-324","San Pedro Pochutla"
20,"20-323","San Pedro Ocotepec"
20,"20-322","San Pedro Ocopetatillo"
20,"20-321","San Pedro Nopala"
20,"20-320","San Pedro Molinos"
20,"20-319","San Pedro Mixtepec"
20,"20-318","San Pedro Mixtepec"
20,"20-317","San Pedro Martir Yucuxaco"
20,"20-316","San Pedro Martir Quiechapa"
20,"20-315","San Pedro Martir"
20,"20-314","San Pedro Juchatengo"
20,"20-313","San Pedro Jocotipac"
20,"20-312","San Pedro Jicayan"
20,"20-311","San Pedro Jaltepetongo"
20,"20-310","San Pedro Ixtlahuaca"
20,"20-309","San Pedro Ixcatlan"
20,"20-308","San Pedro Huilotepec"
20,"20-307","San Pedro Huamelula"
20,"20-306","San Pedro el Alto"
20,"20-305","San Pedro Comitancillo"
20,"20-304","San Pedro Coxcaltepec Cantaros"
20,"20-303","San Pedro Cajonos"
20,"20-302","San Pedro Atoyac"
20,"20-301","San Pedro Apostol"
20,"20-300","San Pedro Amuzgos"
20,"20-299","San Pablo Yaganiza"
20,"20-298","San Pablo Villa de Mitla"
20,"20-297","San Pablo Tijaltepec"
20,"20-296","San Pablo Macuiltianguis"
20,"20-295","San Pablo Huixtepec"
20,"20-294","San Pablo Huitzo"
20,"20-293","San Pablo Etla"
20,"20-291","San Pablo Coatlan"
20,"20-290","San Nicolas Hidalgo"
20,"20-289","San Nicolas"
20,"20-288","San Miguel Yotao"
20,"20-287","San Miguel Tulancingo"
20,"20-286","San Miguel Tlacotepec"
20,"20-285","San Miguel Tlacamama"
20,"20-284","San Miguel Tilquiapam"
20,"20-283","San Miguel Tequixtepec"
20,"20-282","San Miguel Tenango"
20,"20-281","San Miguel Tecomatlan"
20,"20-280","Villa Talea de Castro"
20,"20-279","San Miguel Suchixtepec"
20,"20-278","San Miguel Soyaltepec"
20,"20-277","Villa Sola de Vega"
20,"20-276","San Miguel Santa Flor"
20,"20-275","San Miguel Quetzaltepec"
20,"20-274","San Miguel Piedras"
20,"20-273","San Miguel Peras"
20,"20-272","San Miguel Panixtlahuaca"
20,"20-271","San Miguel Mixtepec"
20,"20-270","San Miguel Huautla"
20,"20-269","San Miguel el Grande"
20,"20-268","San Miguel Ejutla"
20,"20-267","San Miguel del Rio"
20,"20-266","San Miguel del Puerto"
20,"20-265","San Miguel Chimalapa"
20,"20-264","San Miguel Chicahua"
20,"20-263","San Miguel Coatlan"
20,"20-262","San Miguel Amatlan"
20,"20-261","San Miguel Amatitlan"
20,"20-260","San Miguel Aloapam"
20,"20-259","San Miguel Ahuehuetitlan"
20,"20-258","San Miguel Achiutla"
20,"20-257","San Melchor Betaza"
20,"20-256","San Mateo Tlapiltepec"
20,"20-255","San Mateo Sindihui"
20,"20-254","San Mateo Rio Hondo"
20,"20-253","San Mateo Pinas"
20,"20-252","San Mateo Penasco"
20,"20-251","San Mateo Nejapam"
20,"20-250","San Mateo Etlatongo"
20,"20-249","San Mateo Yoloxochitlan"
20,"20-248","San Mateo del Mar"
20,"20-247","Capulalpam de Mendez"
20,"20-246","San Mateo Cajonos"
20,"20-245","San Martin Zacatepec"
20,"20-244","San Martin Toxpalan"
20,"20-243","San Martin Tilcajete"
20,"20-242","San Martin Peras"
20,"20-241","San Martin Lachila"
20,"20-240","San Martin Itunyoso"
20,"20-239","San Martin Huamelulpam"
20,"20-238","San Martin de los Cansecos"
20,"20-237","San Marcos Arteaga"
20,"20-236","San Marcial Ozolotepec"
20,"20-235","San Luis Amatlan"
20,"20-234","San Lucas Zoquiapam"
20,"20-233","San Lucas Quiavini"
20,"20-232","San Lucas Ojitlan"
20,"20-231","San Lucas Camotlan"
20,"20-230","San Lorenzo Victoria"
20,"20-229","San Lorenzo Texmelucan"
20,"20-228","San Lorenzo Cuaunecuiltitla"
20,"20-227","San Lorenzo Cacaotepec"
20,"20-226","San Lorenzo Albarradas"
20,"20-225","San Lorenzo"
20,"20-224","San Juan Yucuita"
20,"20-223","San Juan Yatzona"
20,"20-222","San Juan Yaee"
20,"20-221","San Juan Teposcolula"
20,"20-220","San Juan Tepeuxila"
20,"20-219","San Juan Teitipac"
20,"20-218","San Juan Teita"
20,"20-217","San Juan Tamazola"
20,"20-216","San Juan Tabaa"
20,"20-215","San Juan Sayultepec"
20,"20-214","San Juan Quiotepec"
20,"20-213","San Juan Quiahije"
20,"20-212","San Juan Petlapa"
20,"20-210","San Juan Numi"
20,"20-209","San Juan Mixtepec"
20,"20-208","San Juan Mixtepec"
20,"20-207","San Juan Mazatlan"
20,"20-206","San Juan de los Cues"
20,"20-204","San Juan Lajarcia"
20,"20-203","San Juan Lachigalla"
20,"20-202","San Juan Lachao"
20,"20-201","San Juan Juquila Vijanos"
20,"20-200","San Juan Juquila Mixes"
20,"20-199","San Juan Ihualtepec"
20,"20-197","San Juan Guelavia"
20,"20-196","San Juan Evangelista Analco"
20,"20-195","San Juan Diuxi"
20,"20-194","San Juan del Rio"
20,"20-193","San Juan del Estado"
20,"20-191","San Juan Chicomezuchil"
20,"20-190","San Juan Cotzocon"
20,"20-189","San Juan Comaltepec"
20,"20-188","San Juan Colorado"
20,"20-187","San Juan Coatzospam"
20,"20-186","San Juan Cieneguilla"
20,"20-185","San Juan Cacahuatepec"
20,"20-184","San Juan Bautista Tuxtepec"
20,"20-182","San Juan Bautista Tlacoatzintepec"
20,"20-181","San Juan Bautista Suchitepec"
20,"20-180","San Juan Bautista Lo de Soto"
20,"20-179","San Juan Bautista Jayacatlan"
20,"20-178","San Juan Bautista Guelache"
20,"20-177","San Juan Bautista Cuicatlan"
20,"20-176","San Juan Bautista Coixtlahuaca"
20,"20-175","San Juan Bautista Atatlahuca"
20,"20-174","Animas Trujano"
20,"20-173","San Juan Atepec"
20,"20-172","San Juan Achiutla"
20,"20-171","San Jose Tenango"
20,"20-170","San Jose Lachiguiri"
20,"20-169","San Jose Independencia"
20,"20-168","San Jose Estancia Grande"
20,"20-167","San Jose del Penasco"
20,"20-166","San Jose Chiltepec"
20,"20-165","San Jose Ayuquila"
20,"20-164","San Jorge Nuchita"
20,"20-163","San Jeronimo Tecoatl"
20,"20-162","San Jeronimo Taviche"
20,"20-161","San Jeronimo Sosola"
20,"20-160","San Jeronimo Silacayoapilla"
20,"20-159","San Jeronimo Coatlan"
20,"20-158","San Jacinto Tlacotepec"
20,"20-156","San Ildefonso Villa Alta"
20,"20-155","San Ildefonso Sola"
20,"20-154","San Ildefonso Amatlan"
20,"20-153","San Gabriel Mixtepec"
20,"20-152","San Francisco Tlapancingo"
20,"20-151","San Francisco Teopan"
20,"20-150","San Francisco Telixtlahuaca"
20,"20-149","San Francisco Sola"
20,"20-147","San Francisco Nuxano"
20,"20-146","San Francisco Logueche"
20,"20-145","San Francisco Lachigolo"
20,"20-144","San Francisco Jaltepetongo"
20,"20-143","San Francisco Ixhuatan"
20,"20-142","San Francisco Huehuetlan"
20,"20-141","San Francisco del Mar"
20,"20-140","San Francisco Chindua"
20,"20-139","San Francisco Chapulapa"
20,"20-138","San Francisco Cajonos"
20,"20-137","San Francisco Cahuacua"
20,"20-136","San Felipe Usila"
20,"20-135","San Felipe Tejalapam"
20,"20-134","San Felipe Jalapa de Diaz"
20,"20-133","San Esteban Atatlahuca"
20,"20-132","San Dionisio Ocotlan"
20,"20-131","San Dionisio Ocotepec"
20,"20-130","San Dionisio del Mar"
20,"20-129","San Cristobal Suchixtlahuaca"
20,"20-128","San Cristobal Lachirioag"
20,"20-127","San Cristobal Amoltepec"
20,"20-126","San Cristobal Amatlan"
20,"20-125","San Carlos Yautepec"
20,"20-124","San Blas Atempa"
20,"20-123","San Bernardo Mixtepec"
20,"20-122","San Bartolo Yautepec"
20,"20-121","San Bartolo Soyaltepec"
20,"20-120","San Bartolome Zoogocho"
20,"20-119","San Bartolome Yucuane"
20,"20-118","San Bartolome Quialana"
20,"20-117","San Bartolome Loxicha"
20,"20-116","San Bartolome Ayautla"
20,"20-114","San Baltazar Yatzachi el Bajo"
20,"20-113","San Baltazar Loxicha"
20,"20-112","San Baltazar Chichicapam"
20,"20-111","San Antonio Tepetlapa"
20,"20-110","San Antonio Sinicahua"
20,"20-109","San Antonio Nanahuatipam"
20,"20-108","San Antonio Huitepec"
20,"20-107","San Antonio de la Cal"
20,"20-106","San Antonio Acutla"
20,"20-105","San Antonino Monte Verde"
20,"20-104","San Antonino el Alto"
20,"20-103","San Antonino Castillo Velasco"
20,"20-102","San Andres Zautla"
20,"20-101","San Andres Zabache"
20,"20-100","San Andres Yaa"
20,"20-99","San Andres Tepetlapa"
20,"20-98","San Andres Teotilalpam"
20,"20-97","San Andres Solaga"
20,"20-96","San Andres Sinaxtla"
20,"20-95","San Andres Paxtlan"
20,"20-94","San Andres Nuxino"
20,"20-93","San Andres Lagunas"
20,"20-92","San Andres Ixtlahuaca"
20,"20-91","San Andres Huayapam"
20,"20-90","San Andres Huaxpaltepec"
20,"20-89","San Andres Dinicuiti"
20,"20-88","San Andres Cabecera Nueva"
20,"20-87","San Agustin Yatareni"
20,"20-86","San Agustin Tlacotepec"
20,"20-85","San Agustin Loxicha"
20,"20-84","San Agustin Etla"
20,"20-83","San Agustin de las Juntas"
20,"20-82","San Agustin Chayuco"
20,"20-81","San Agustin Atenango"
20,"20-80","San Agustin Amatengo"
20,"20-79","Salina Cruz"
20,"20-78","Rojas de Cuauhtemoc"
20,"20-77","Reyes Etla"
20,"20-76","La Reforma"
20,"20-75","Reforma de Pineda"
20,"20-74","Santa Catarina Quioquitani"
20,"20-72","San Jose del Progreso"
20,"20-71","Pluma Hidalgo"
20,"20-70","Pinotepa de Don Luis"
20,"20-69","La Pe"
20,"20-68","Ocotlan de Morelos"
20,"20-67","Oaxaca de Juarez"
20,"20-66","Santiago Niltepec"
20,"20-65","Ixpantepec Nieves"
20,"20-63","Nazareno Etla"
20,"20-62","Natividad"
20,"20-61","Monjas"
20,"20-60","Mixistlan de la Reforma"
20,"20-59","Miahuatlan de Porfirio Diaz"
20,"20-58","Mazatlan Villa de Flores"
20,"20-56","Martires de Tacubaya"
20,"20-55","Mariscala de Juarez"
20,"20-54","Magdalena Zahuatlan"
20,"20-53","Magdalena Tlacotepec"
20,"20-52","Magdalena Tequisistlan"
20,"20-51","Magdalena Teitipac"
20,"20-50","Magdalena Penasco"
20,"20-49","Magdalena Ocotlan"
20,"20-48","Magdalena Mixtepec"
20,"20-47","Santa Magdalena Jicotlan"
20,"20-46","Magdalena Jaltepec"
20,"20-45","Magdalena Apasco"
20,"20-43","Juchitan de Zaragoza"
20,"20-41","Huautla de Jimenez"
20,"20-40","Huautepec"
20,"20-38","Villa Hidalgo"
20,"20-37","Mesones Hidalgo"
20,"20-34","Guadalupe de Ramirez"
20,"20-33","Guadalupe Etla"
20,"20-32","Fresnillo de Trujano"
20,"20-31","Tamazulapam del Espiritu Santo"
20,"20-30","El Espinal"
20,"20-29","Eloxochitlan de Flores Magon"
20,"20-28","Heroica Ciudad de Ejutla de Crespo"
20,"20-27","Chiquihuitlan de Benito Juarez"
20,"20-26","Chalcatongo de Hidalgo"
20,"20-24","Cuyamecalco Villa de Zaragoza"
20,"20-23","Cuilapam de Guerrero"
20,"20-22","Cosoltepec"
20,"20-21","Cosolapa"
20,"20-19","Concepcion Papalo"
20,"20-18","Concepcion Buenavista"
20,"20-17","La Compania"
20,"20-16","Coicoyan de las Flores"
20,"20-15","Coatecas Altas"
20,"20-14","Ciudad Ixtepec"
20,"20-13","Cienega de Zimatlan"
20,"20-12","Candelaria Loxicha"
20,"20-11","Calihuala"
20,"20-10","El Barrio de la Soledad"
20,"20-9","Ayotzintepec"
20,"20-8","Asuncion Tlacolulita"
20,"20-7","Asuncion Ocotlan"
20,"20-5","Asuncion Ixtaltepec"
20,"20-4","Asuncion Cuyotepeji"
20,"20-3","Asuncion Cacalotepec"
20,"20-2","Acatlan de Perez Figueroa"
20,"20-1","Abejones"
20,"20-44","Loma Bonita"
20,"20-460","Santiago Choapam"
20,"20-198","San Juan Guichicovi"
20,"20-327","San Pedro Tapanatepec"
20,"20-42","Ixtlan de Juarez"
20,"20-183","San Juan Bautista Tlachichilco"
20,"20-205","San Juan Lalana"
20,"20-211","San Juan Ozolotepec"
20,"20-470","Santiago Lachiguiri"
20,"20-335","San Pedro Yaneri"
20,"20-148","San Francisco Ozolotepec"
20,"20-569","Santa Ines de Zaragoza"
20,"20-568","Zapotitlan Palmas"
20,"20-567","Zapotitlan Lagunas"
20,"20-566","Zapotitlan del Rio"
20,"20-565","Villa de Zaachila"
20,"20-564","Yutanduchi de Guerrero"
20,"20-563","Yogana"
20,"20-562","Magdalena Yodocono de Porfirio Diaz"
20,"20-561","Yaxe"
20,"20-560","Villa Diaz Ordaz"
20,"20-559","San Juan Bautista Valle Nacional"
20,"20-558","Valerio Trujano"
20,"20-557","Union Hidalgo"
20,"20-556","La Trinidad Vista Hermosa"
20,"20-555","Trinidad Zaachila"
20,"20-554","Totontepec Villa de Morelos"
20,"20-553","Tlalixtac de Cabrera"
20,"20-552","Tlacotepec Plumas"
20,"20-550","San Jeronimo Tlacochahuaya"
20,"20-549","Tezoatlan de Segura y Luna"
20,"20-548","Tepelmeme Villa de Morelos"
20,"20-547","Teotongo"
20,"20-546","Teotitlan del Valle"
20,"20-545","Teotitlan de Flores Magon"
20,"20-544","Teococuilco de Marcos Perez"
20,"20-543","Tataltepec de Valdes"
20,"20-542","Taniche"
20,"20-541","Tanetze de Zaragoza"
20,"20-540","Villa de Tamazulapam del Progreso"
20,"20-539","Soledad Etla"
20,"20-538","Sitio de Xitlapehua"
20,"20-536","San Vicente Nunu"
20,"20-535","San Vicente Lachixio"
20,"20-534","San Vicente Coatlan"
20,"20-533","Santo Tomas Tamazulapan"
20,"20-532","Santo Tomas Ocotepec"
20,"20-531","Santo Tomas Mazaltepec"
20,"20-530","Santo Tomas Jalieza"
20,"20-529","Santos Reyes Yucuna"
20,"20-528","Santos Reyes Tepejillo"
20,"20-527","Santos Reyes Papalo"
20,"20-526","Santos Reyes Nopala"
20,"20-525","Santo Domingo Zanatepec"
20,"20-524","Santo Domingo Yodohino"
20,"20-523","Santo Domingo Yanhuitlan"
20,"20-522","Santo Domingo Xagacia"
20,"20-521","Santo Domingo Tonaltepec"
20,"20-520","Santo Domingo Tonala"
20,"20-519","Santo Domingo Tomaltepec"
20,"20-518","Santo Domingo Tlatayapam"
20,"20-517","Santo Domingo Tepuxtepec"
20,"20-516","Santo Domingo Teojomulco"
20,"20-514","Santo Domingo Roayaga"
20,"20-513","Santo Domingo Petapa"
20,"20-512","Santo Domingo Ozolotepec"
20,"20-511","Santo Domingo Nuxaa"
20,"20-510","Santo Domingo Ixcatlan"
20,"20-509","Santo Domingo de Morelos"
20,"20-508","Santo Domingo Chihuitan"
20,"20-507","Santo Domingo Armenta"
20,"20-506","Santo Domingo Albarradas"
20,"20-505","Santo Domingo Ingenio"
20,"20-504","Nuevo Zoquiapam"
20,"20-503","Santiago Zoochila"
20,"20-502","Santiago Zacatepec"
20,"20-501","Santiago Yucuyachi"
20,"20-500","Santiago Yosondua"
20,"20-499","Santiago Yolomecatl"
20,"20-498","Santiago Yaveo"
20,"20-497","Santiago Yaitepec"
20,"20-496","Santiago Xiacui"
20,"20-495","Santiago Xanica"
20,"20-494","Santiago Tlazoyaltepec"
20,"20-493","Santiago Tillo"
20,"20-492","Santiago Tilantongo"
20,"20-491","Santiago Textitlan"
20,"20-490","Santiago Texcalcingo"
20,"20-489","Santiago Tetepec"
20,"20-488","Santiago Tepetlapa"
20,"20-487","Santiago Tenango"
20,"20-486","Villa Tejupam de la Union"
20,"20-485","Santiago Tapextla"
20,"20-484","Santiago Tamazola"
20,"20-483","Santiago Suchilquitongo"
20,"20-482","Santiago Pinotepa Nacional"
20,"20-481","Santiago Nuyoo"
20,"20-480","Santiago Nundiche"
20,"20-479","Santiago Nejapilla"
20,"20-478","Santiago Nacaltepec"
20,"20-477","Santiago Minas"
20,"20-476","Santiago Miltepec"
20,"20-475","Santiago Matatlan"
20,"20-474","Santiago Llano Grande"
20,"20-473","Santiago Laxopa"
20,"20-472","Santiago Laollaga"
20,"20-471","Santiago Lalopa"
20,"20-469","Santiago Juxtlahuaca"
20,"20-468","Santiago Jocotepec"
20,"20-467","Santiago Jamiltepec"
20,"20-466","Santiago Ixtayutla"
20,"20-465","Santiago Ixcuintepec"
20,"20-464","Santiago Ihuitlan Plumas"
20,"20-463","Santiago Huauclilla"
20,"20-462","Santiago Huajolotitlan"
20,"20-461","Santiago del Rio"
20,"20-459","Santiago Chazumba"
20,"20-458","Santiago Comaltepec"
20,"20-457","Santiago Camotlan"
20,"20-456","Santiago Cacaloxtepec"
20,"20-455","Santiago Ayuquililla"
20,"20-454","Santiago Atitlan"
20,"20-453","Santiago Astata"
20,"20-452","Santiago Apostol"
20,"20-451","Santiago Apoala"
20,"20-450","Santiago Amoltepec"
20,"20-449","Santa Maria Zoquitlan"
20,"20-448","Santa Maria Zaniza"
20,"20-447","Santa Maria Zacatepec"
20,"20-446","Santa Maria Yucuhiti"
19,"19-51","Villaldama"
19,"19-50","Vallecillo"
19,"19-49","Santiago"
19,"19-48","Santa Catarina"
19,"19-47","Hidalgo"
19,"19-46","San Nicolas de los Garza"
19,"19-45","Salinas Victoria"
19,"19-44","Sabinas Hidalgo"
19,"19-43","Rayones"
19,"19-42","Los Ramones"
19,"19-41","Pesqueria"
19,"19-40","Paras"
19,"19-39","Monterrey"
19,"19-38","Montemorelos"
19,"19-37","Mina"
19,"19-36","Mier y Noriega"
19,"19-35","Melchor Ocampo"
19,"19-34","Marin"
19,"19-32","Lampazos de Naranjo"
19,"19-31","Juarez"
19,"19-30","Iturbide"
19,"19-29","Hualahuises"
19,"19-28","Higueras"
19,"19-27","Los Herreras"
19,"19-26","Guadalupe"
19,"19-25","Gral Zuazua"
19,"19-24","Gral Zaragoza"
19,"19-23","Gral Trevino"
19,"19-22","Gral Teran"
19,"19-21","Gral Escobedo"
19,"19-20","Gral Bravo"
19,"19-19","San Pedro Garza Garcia"
19,"19-18","Garcia"
19,"19-17","Galeana"
19,"19-16","Dr Gonzalez"
19,"19-15","Dr Coss"
19,"19-14","Dr Arroyo"
19,"19-13","China"
19,"19-12","Cienega de Flores"
19,"19-11","Cerralvo"
19,"19-10","Carmen"
19,"19-9","Cadereyta Jimenez"
19,"19-8","Bustamante"
19,"19-7","Aramberri"
19,"19-6","Apodaca"
19,"19-5","Anahuac"
19,"19-4","Allende"
19,"19-3","Los Aldamas"
19,"19-2","Agualeguas"
19,"19-1","Abasolo"
19,"19-33","Linares"
18,"18-4","Compostela"
18,"18-15","Santiago Ixcuintla"
18,"18-12","San Blas"
18,"18-20","Bahia de Banderas"
18,"18-19","La Yesca"
18,"18-18","Tuxpan"
18,"18-17","Tepic"
18,"18-16","Tecuala"
18,"18-14","Santa Maria del Oro"
18,"18-13","San Pedro Lagunillas"
18,"18-11","Ruiz"
18,"18-10","Rosamorada"
18,"18-9","Del Nayar"
18,"18-8","Xalisco"
18,"18-7","Jala"
18,"18-6","Ixtlan del Rio"
18,"18-5","Huajicori"
18,"18-3","Amatlan de Canas"
18,"18-2","Ahuacatlan"
18,"18-1","Acaponeta"
17,"17-1","Amacuzac"
17,"17-2","Atlatlahucan"
17,"17-3","Axochiapan"
17,"17-4","Ayala"
17,"17-5","Coatlan del Rio"
17,"17-6","Cuautla"
17,"17-7","Cuernavaca"
17,"17-8","Emiliano Zapata"
17,"17-9","Huitzilac"
17,"17-10","Jantetelco"
17,"17-11","Jiutepec"
17,"17-12","Jojutla"
17,"17-13","Jonacatepec"
17,"17-14","Mazatepec"
17,"17-15","Miacatlan"
17,"17-16","Ocuituco"
17,"17-17","Puente de Ixtla"
17,"17-18","Temixco"
17,"17-19","Tepalcingo"
17,"17-20","Tepoztlan"
17,"17-21","Tetecala"
17,"17-22","Tetela del Volcan"
17,"17-23","Tlalnepantla"
17,"17-24","Tlaltizapan"
17,"17-25","Tlaquiltenango"
17,"17-26","Tlayacapan"
17,"17-27","Totolapan"
17,"17-28","Xochitepec"
17,"17-29","Yautepec"
17,"17-30","Yecapixtla"
17,"17-31","Zacatepec de Hidalgo"
17,"17-32","Zacualpan de Amilpas"
17,"17-33","Temoac"
16,"16-39","Huiramba"
16,"16-68","Periban"
16,"16-90","Tingambato"
16,"16-66","Patzcuaro"
16,"16-102","Uruapan"
16,"16-48","Lagunillas"
16,"16-61","Ocampo"
16,"16-98","Tuxpan"
16,"16-100","Tzintzuntzan"
16,"16-101","Tzitzio"
16,"16-5","Angangueo"
16,"16-32","Erongaricuaro"
16,"16-7","Aporo"
16,"16-65","Paracho"
16,"16-56","Nahuatzen"
16,"16-73","Quiroga"
16,"16-41","Irimbo"
16,"16-22","Charo"
16,"16-21","Charapan"
16,"16-75","Los Reyes"
16,"16-24","Cheran"
16,"16-80","Senguio"
16,"16-72","Querendaro"
16,"16-53","Morelia"
16,"16-34","Hidalgo"
16,"16-95","Tocumbo"
16,"16-40","Indaparapeo"
16,"16-93","Tlalpujahua"
16,"16-25","Chilchota"
16,"16-88","Tarimbaro"
16,"16-16","Coeneo"
16,"16-91","Tinguindin"
16,"16-19","Cotija"
16,"16-37","Huaniqueo"
16,"16-107","Zacapu"
16,"16-27","Chucandiro"
16,"16-3","Alvaro Obregon"
16,"16-18","Copandaro"
16,"16-70","Purepero"
16,"16-110","Zinapecuaro"
16,"16-44","Jimenez"
16,"16-84","Tangamandapio"
16,"16-85","Tangancicuaro"
16,"16-43","Jacona"
16,"16-50","Maravatio"
16,"16-36","Huandacareo"
16,"16-54","Morelos"
16,"16-45","Jiquilpan"
16,"16-17","Contepec"
16,"16-78","Santa Ana Maya"
16,"16-76","Sahuayo"
16,"16-20","Cuitzeo"
16,"16-94","Tlazazalca"
16,"16-104","Villamar"
16,"16-63","Panindicuaro"
16,"16-108","Zamora"
16,"16-23","Chavinda"
16,"16-51","Marcos Castellanos"
16,"16-74","Cojumatlan de Regules"
16,"16-103","Venustiano Carranza"
16,"16-67","Penjamillo"
16,"16-62","Pajacuaran"
16,"16-42","Ixtlan"
16,"16-28","Churintzio"
16,"16-4","Angamacutiro"
16,"16-30","Ecuandureo"
16,"16-109","Zinaparo"
16,"16-11","Brisenas"
16,"16-71","Puruandiro"
16,"16-31","Epitacio Huerta"
16,"16-113","Jose Sixto Verduzco"
16,"16-105","Vista Hermosa"
16,"16-60","Numaran"
16,"16-106","Yurecuaro"
16,"16-86","Tanhuato"
16,"16-69","La Piedad"
25,"25-2","Angostura"
25,"25-12","Mazatlan"
25,"25-18","Navolato"
25,"25-17","Sinaloa"
25,"25-16","San Ignacio"
25,"25-15","Salvador Alvarado"
25,"25-14","Rosario"
25,"25-13","Mocorito"
25,"25-11","Guasave"
25,"25-10","El Fuerte"
25,"25-9","Escuinapa"
25,"25-8","Elota"
25,"25-7","Choix"
25,"25-6","Culiacan"
25,"25-5","Cosala"
25,"25-4","Concordia"
25,"25-3","Badiraguato"
25,"25-1","Ahome"
24,"24-28","San Luis Potosi"
24,"24-35","Soledad de Graciano Sanchez"
24,"24-29","San Martin Chalchicuautla"
24,"24-8","Cerritos"
24,"24-58","El Naranjo"
24,"24-57","Matlapa"
24,"24-56","Villa de Arista"
24,"24-55","Zaragoza"
24,"24-54","Xilitla"
24,"24-53","Axtla de Terrazas"
24,"24-52","Villa Juarez"
24,"24-51","Villa Hidalgo"
24,"24-50","Villa de Reyes"
24,"24-49","Villa de Ramos"
24,"24-48","Villa de la Paz"
24,"24-47","Villa de Guadalupe"
24,"24-46","Villa de Arriaga"
24,"24-45","Venado"
24,"24-44","Vanegas"
24,"24-43","Tierra Nueva"
24,"24-42","Tanquian de Escobedo"
24,"24-41","Tanlajas"
24,"24-40","Tamuin"
24,"24-39","Tampamolon Corona"
24,"24-38","Tampacan"
24,"24-37","Tamazunchale"
24,"24-36","Tamasopo"
24,"24-34","San Vicente Tancuayalab"
24,"24-33","Santo Domingo"
24,"24-32","Santa Maria del Rio"
24,"24-31","Santa Catarina"
24,"24-30","San Nicolas Tolentino"
24,"24-27","San Ciro de Acosta"
24,"24-26","San Antonio"
24,"24-25","Salinas"
24,"24-24","Rioverde"
24,"24-23","Rayon"
24,"24-22","Moctezuma"
24,"24-21","Mexquitic de Carmona"
24,"24-20","Matehuala"
24,"24-19","Lagunillas"
24,"24-18","Huehuetlan"
24,"24-17","Guadalcazar"
24,"24-16","Ebano"
24,"24-15","Charcas"
24,"24-14","Coxcatlan"
24,"24-13","Ciudad Valles"
24,"24-12","Tancanhuitz"
24,"24-11","Ciudad Fernandez"
24,"24-10","Ciudad del Maiz"
24,"24-9","Cerro de San Pedro"
24,"24-7","Cedral"
24,"24-6","Catorce"
24,"24-5","Cardenas"
24,"24-4","Armadillo de los Infante"
24,"24-3","Aquismon"
24,"24-2","Alaquines"
24,"24-1","Ahualulco"
23,"23-2","Felipe Carrillo Puerto"
23,"23-4","Othon P Blanco"
23,"23-3","Isla Mujeres"
23,"23-7","Lazaro Cardenas"
23,"23-1","Cozumel"
23,"23-8","Solidaridad"
23,"23-6","Jose Maria Morelos"
23,"23-5","Benito Juarez"
22,"22-18","Toliman"
22,"22-17","Tequisquiapan"
22,"22-16","San Juan del Rio"
22,"22-15","San Joaquin"
22,"22-14","Queretaro"
22,"22-13","Penamiller"
22,"22-12","Pedro Escobedo"
22,"22-11","El Marques"
22,"22-10","Landa de Matamoros"
22,"22-9","Jalpan de Serra"
22,"22-8","Huimilpan"
22,"22-7","Ezequiel Montes"
22,"22-6","Corregidora"
22,"22-5","Colon"
22,"22-4","Cadereyta de Montes"
22,"22-3","Arroyo Seco"
22,"22-2","Pinal de Amoles"
22,"22-1","Amealco de Bonfil"
21,"21-216","Zoquiapan"
21,"21-155","Tecomatlan"
21,"21-88","Jonotla"
21,"21-73","Huehuetlan el Chico"
21,"21-72","Huehuetla"
21,"21-47","Chiautla"
21,"21-27","Caltepec"
21,"21-3","Acatlan"
21,"21-217","Zoquitlan"
21,"21-215","Zongozotla"
21,"21-214","Zinacatepec"
21,"21-213","Zihuateutla"
21,"21-212","Zautla"
21,"21-211","Zaragoza"
21,"21-210","Zapotitlan de Mendez"
21,"21-209","Zapotitlan"
21,"21-208","Zacatlan"
21,"21-207","Zacapoaxtla"
21,"21-206","Zacapala"
21,"21-205","Yehualtepec"
21,"21-204","Yaonahuac"
21,"21-203","Xochitlan Todos Santos"
21,"21-202","Xochitlan de Vicente Suarez"
21,"21-75","Hueyapan"
21,"21-74","Huejotzingo"
21,"21-71","Huauchinango"
21,"21-70","Huatlatlauca"
21,"21-69","Huaquechula"
21,"21-68","Hermenegildo Galeana"
21,"21-67","Guadalupe Victoria"
21,"21-66","Guadalupe"
21,"21-65","General Felipe Angeles"
21,"21-64","Francisco Z Mena"
21,"21-63","Esperanza"
21,"21-62","Epatlan"
21,"21-61","Eloxochitlan"
21,"21-60","Domingo Arenas"
21,"21-59","Chinantla"
21,"21-58","Chilchotla"
21,"21-57","Honey"
21,"21-56","Chila de la Sal"
21,"21-55","Chila"
21,"21-54","Chignautla"
21,"21-53","Chignahuapan"
21,"21-52","Chigmecatitlan"
21,"21-51","Chietla"
21,"21-50","Chichiquila"
21,"21-49","Chiconcuautla"
21,"21-48","Chiautzingo"
21,"21-46","Chapulco"
21,"21-45","Chalchicomula de Sesma"
21,"21-44","Cuyoaco"
21,"21-97","Mixtla"
21,"21-96","Mazapiltepec de Juarez"
21,"21-95","La Magdalena Tlatlauquitepec"
21,"21-94","Libres"
21,"21-93","Lafragua"
21,"21-92","Juan N Mendez"
21,"21-91","Juan Galindo"
21,"21-90","Juan C Bonilla"
21,"21-89","Jopala"
21,"21-87","Jolalpan"
21,"21-86","Jalpan"
21,"21-85","Izucar de Matamoros"
21,"21-84","Ixtepec"
21,"21-83","Ixtacamaxtitlan"
21,"21-82","Ixcaquixtla"
21,"21-81","Ixcamilpa de Guerrero"
21,"21-80","Atlequizayan"
21,"21-79","Huitziltepec"
21,"21-78","Huitzilan de Serdan"
21,"21-77","Hueytlalpan"
21,"21-76","Hueytamalco"
21,"21-127","San Jeronimo Xayacatlan"
21,"21-126","San Jeronimo Tecuanipan"
21,"21-125","San Gregorio Atzompa"
21,"21-124","San Gabriel Chilac"
21,"21-123","San Felipe Tepatlan"
21,"21-122","San Felipe Teotlalcingo"
21,"21-121","San Diego la Mesa Tochimiltzingo"
21,"21-120","San Antonio Canada"
21,"21-119","San Andres Cholula"
21,"21-118","Los Reyes de Juarez"
21,"21-116","Quimixtlan"
21,"21-115","Quecholac"
21,"21-114","Puebla"
21,"21-113","Piaxtla"
21,"21-112","Petlalcingo"
21,"21-111","Pantepec"
21,"21-110","Palmar de Bravo"
21,"21-109","Pahuatlan"
21,"21-108","Oriental"
21,"21-107","Olintla"
21,"21-106","Ocoyucan"
21,"21-105","Ocotepec"
21,"21-104","Nopalucan"
21,"21-103","Nicolas Bravo"
21,"21-102","Nealtican"
21,"21-101","Nauzontla"
21,"21-100","Naupan"
21,"21-99","Canada Morelos"
21,"21-98","Molcaxac"
21,"21-201","Xochiltepec"
21,"21-200","Xochiapulco"
21,"21-199","Xiutetelco"
21,"21-198","Xicotlan"
21,"21-197","Xicotepec"
21,"21-196","Xayacatlan de Bravo"
21,"21-195","Vicente Guerrero"
21,"21-194","Venustiano Carranza"
21,"21-193","Tzicatlacoyan"
21,"21-192","Tuzamapan de Galeana"
21,"21-191","Tulcingo"
21,"21-190","Totoltepec de Guerrero"
21,"21-189","Tochtepec"
21,"21-188","Tochimilco"
21,"21-187","Tlaxco"
21,"21-186","Tlatlauquitepec"
21,"21-185","Tlapanala"
21,"21-184","Tlapacoya"
21,"21-183","Tlaola"
21,"21-182","Tlanepantla"
21,"21-181","Tlaltenango"
21,"21-180","Tlahuapan"
21,"21-179","Tlachichuca"
21,"21-178","Tlacuilotepec"
21,"21-177","Tlacotepec de Benito Juarez"
21,"21-176","Tilapa"
21,"21-175","Tianguismanalco"
21,"21-174","Teziutlan"
21,"21-173","Teteles de Avila Castillo"
21,"21-172","Tetela de Ocampo"
21,"21-171","Tepeyahualco de Cuauhtemoc"
21,"21-170","Tepeyahualco"
21,"21-169","Tepexi de Rodriguez"
21,"21-168","Tepexco"
21,"21-167","Tepetzintla"
21,"21-166","Tepeojuma"
21,"21-165","Tepemaxalco"
21,"21-164","Tepeaca"
21,"21-163","Tepatlaxco de Hidalgo"
21,"21-162","Tepango de Rodriguez"
21,"21-161","Tepanco de Lopez"
21,"21-160","Teotlalco"
21,"21-159","Teopantlan"
21,"21-158","Tenampulco"
21,"21-157","Tehuitzingo"
21,"21-156","Tehuacan"
21,"21-154","Tecamachalco"
21,"21-153","Tecali de Herrera"
21,"21-152","Soltepec"
21,"21-151","Santo Tomas Hueyotlipan"
21,"21-150","Huehuetlan el Grande"
21,"21-149","Santiago Miahuatlan"
21,"21-148","Santa Isabel Cholula"
21,"21-147","Santa Ines Ahuatempan"
21,"21-146","Santa Catarina Tlaltempan"
21,"21-145","San Sebastian Tlacotepec"
21,"21-144","San Salvador Huixcolotla"
21,"21-143","San Salvador el Verde"
21,"21-142","San Salvador el Seco"
21,"21-141","San Pedro Yeloixtlahuaca"
21,"21-140","San Pedro Cholula"
21,"21-139","San Pablo Anicano"
21,"21-138","San Nicolas de los Ranchos"
21,"21-137","San Nicolas Buenos Aires"
21,"21-136","San Miguel Xoxtla"
21,"21-135","San Miguel Ixitlan"
21,"21-134","San Matias Tlalancaleca"
21,"21-133","San Martin Totoltepec"
21,"21-132","San Martin Texmelucan"
21,"21-131","San Juan Atzompa"
21,"21-130","San Juan Atenco"
21,"21-129","San Jose Miahuatlan"
21,"21-128","San Jose Chiapa"
21,"21-14","Amixtlan"
21,"21-13","Altepexi"
21,"21-12","Aljojuca"
21,"21-11","Albino Zertuche"
21,"21-10","Ajalpan"
21,"21-9","Ahuehuetitla"
21,"21-8","Ahuazotepec"
21,"21-6","Ahuacatlan"
21,"21-5","Acteopan"
21,"21-4","Acatzingo"
21,"21-2","Acateno"
21,"21-1","Acajete"
21,"21-43","Cuetzalan del Progreso"
21,"21-42","Cuayuca de Andrade"
21,"21-41","Cuautlancingo"
21,"21-40","Cuautinchan"
21,"21-39","Cuautempan"
21,"21-38","Cuapiaxtla de Madero"
21,"21-37","Coyotepec"
21,"21-36","Coyomeapan"
21,"21-35","Coxcatlan"
21,"21-34","Coronango"
21,"21-33","Cohuecan"
21,"21-32","Cohetzala"
21,"21-31","Coatzingo"
21,"21-30","Coatepec"
21,"21-29","Caxhuacan"
21,"21-28","Camocuautla"
21,"21-26","Calpan"
21,"21-25","Ayotoxco de Guerrero"
21,"21-24","Axutla"
21,"21-23","Atzitzintla"
21,"21-22","Atzitzihuacan"
21,"21-21","Atzala"
21,"21-20","Atoyatempan"
21,"21-19","Atlixco"
21,"21-18","Atexcal"
21,"21-17","Atempan"
21,"21-16","Aquixtla"
21,"21-15","Amozoc"
20,"20-57","Matias Romero Avendano"
20,"20-570","Zimatlan de Alvarez"
20,"20-551","Tlacolula de Matamoros"
20,"20-537","Silacayoapam"
20,"20-515","Santo Domingo Tehuantepec"
20,"20-390","Santa Lucia del Camino"
20,"20-350","San Sebastian Tutla"
20,"20-292","San Pablo Cuatro Venados"
20,"20-115","San Bartolo Coyotepec"
20,"20-73","Putla Villa de Guerrero"
20,"20-64","Nejapa de Madero"
20,"20-39","Heroica Ciudad de Huajuapan de Leon"
20,"20-36","Guevea de Humboldt"
20,"20-20","Constancia del Rosario"
20,"20-6","Asuncion Nochixtlan"
29,"29-9","Cuaxomulco"
29,"29-8","Cuapiaxtla"
29,"29-7","El Carmen Tequexquitla"
29,"29-6","Calpulalpan"
29,"29-5","Apizaco"
29,"29-4","Altzayanca"
29,"29-3","Atlangatepec"
29,"29-2","Apetatitlan de Antonio Carvajal"
28,"28-43","Xicotencatl"
28,"28-42","Villagran"
28,"28-41","Victoria"
28,"28-40","Valle Hermoso"
28,"28-39","Tula"
28,"28-38","Tampico"
28,"28-37","Soto la Marina"
28,"28-36","San Nicolas"
28,"28-35","San Fernando"
28,"28-34","San Carlos"
28,"28-33","Rio Bravo"
28,"28-32","Reynosa"
28,"28-31","Palmillas"
28,"28-30","Padilla"
28,"28-29","Ocampo"
28,"28-28","Nuevo Morelos"
28,"28-27","Nuevo Laredo"
28,"28-26","Miquihuana"
28,"28-25","Miguel Aleman"
28,"28-24","Mier"
28,"28-23","Mendez"
28,"28-22","Matamoros"
28,"28-21","El Mante"
28,"28-20","Mainero"
28,"28-19","Llera"
28,"28-18","Jimenez"
28,"28-17","Jaumave"
28,"28-16","Hidalgo"
28,"28-15","Gustavo Diaz Ordaz"
28,"28-14","Guerrero"
28,"28-13","Guemez"
28,"28-12","Gonzalez"
28,"28-11","Gomez Farias"
28,"28-10","Cruillas"
28,"28-9","Ciudad Madero"
28,"28-8","Casas"
28,"28-7","Camargo"
28,"28-6","Bustamante"
28,"28-5","Burgos"
28,"28-4","Antiguo Morelos"
28,"28-3","Altamira"
28,"28-2","Aldama"
28,"28-1","Abasolo"
27,"27-16","Teapa"
27,"27-15","Tacotalpa"
27,"27-14","Paraiso"
27,"27-13","Nacajuca"
27,"27-12","Macuspana"
27,"27-11","Jonuta"
27,"27-10","Jalpa de Mendez"
27,"27-8","Huimanguillo"
27,"27-5","Comalcalco"
27,"27-4","Centro"
27,"27-17","Tenosique"
27,"27-9","Jalapa"
27,"27-7","Emiliano Zapata"
27,"27-6","Cunduacan"
27,"27-3","Centla"
27,"27-2","Cardenas"
27,"27-1","Balancan"
26,"26-72","San Ignacio Rio Muerto"
26,"26-71","Benito Juarez"
26,"26-70","General Plutarco Elias Calles"
26,"26-69","Yecora"
26,"26-67","Villa Hidalgo"
26,"26-66","Ures"
26,"26-65","Tubutama"
26,"26-64","Trincheras"
26,"26-63","Tepache"
26,"26-62","Suaqui Grande"
26,"26-61","Soyopa"
26,"26-60","Saric"
26,"26-59","Santa Cruz"
26,"26-58","Santa Ana"
26,"26-57","San Pedro de la Cueva"
26,"26-56","San Miguel de Horcasitas"
26,"26-54","San Javier"
26,"26-53","San Felipe de Jesus"
26,"26-52","Sahuaripa"
26,"26-51","Rosario"
26,"26-50","Rayon"
26,"26-49","Quiriego"
26,"26-48","Puerto Penasco"
26,"26-47","Pitiquito"
26,"26-46","Oquitoa"
26,"26-45","Opodepe"
26,"26-44","Onavas"
26,"26-43","Nogales"
26,"26-41","Nacozari de Garcia"
26,"26-40","Nacori Chico"
26,"26-39","Naco"
26,"26-38","Moctezuma"
26,"26-37","Mazatan"
26,"26-36","Magdalena"
26,"26-35","Imuris"
26,"26-34","Huepac"
26,"26-32","Huasabas"
26,"26-31","Huachinera"
26,"26-28","Granados"
26,"26-27","Fronteras"
26,"26-26","Etchojoa"
26,"26-25","Empalme"
26,"26-24","Divisaderos"
26,"26-23","Cumpas"
26,"26-22","Cucurpe"
26,"26-21","La Colorada"
26,"26-20","Carbo"
26,"26-19","Cananea"
26,"26-18","Cajeme"
26,"26-17","Caborca"
26,"26-16","Benjamin Hill"
26,"26-15","Bavispe"
26,"26-14","Baviacora"
26,"26-13","Banamichi"
26,"26-12","Bacum"
26,"26-11","Bacoachi"
26,"26-10","Bacerac"
26,"26-9","Bacanora"
26,"26-8","Bacadehuachi"
26,"26-7","Atil"
26,"26-6","Arizpe"
26,"26-5","Arivechi"
26,"26-4","Altar"
26,"26-2","Agua Prieta"
26,"26-1","Aconchi"
26,"26-29","Guaymas"
26,"26-30","Hermosillo"
26,"26-55","San Luis Rio Colorado"
26,"26-68","Villa Pesqueira"
26,"26-42","Navojoa"
26,"26-33","Huatabampo"
26,"26-3","Alamos"
31,"31-52","Motul"
31,"31-51","Mococha"
31,"31-50","Merida"
31,"31-49","Mayapan"
31,"31-48","Maxcanu"
31,"31-47","Mani"
31,"31-46","Mama"
31,"31-45","Kopoma"
31,"31-44","Kinchil"
31,"31-43","Kaua"
31,"31-42","Kantunil"
31,"31-41","Kanasin"
31,"31-40","Izamal"
31,"31-39","Ixil"
31,"31-38","Hunucma"
31,"31-37","Huhi"
31,"31-36","Homun"
31,"31-35","Hoctun"
31,"31-34","Hocaba"
31,"31-32","Espita"
31,"31-31","Dzoncauich"
31,"31-30","Dzitas"
31,"31-29","Dzilam Gonzalez"
31,"31-28","Dzilam de Bravo"
31,"31-27","Dzidzantun"
31,"31-26","Dzemul"
31,"31-25","Dzan"
31,"31-24","Chumayel"
31,"31-23","Chochola"
31,"31-22","Chikindzonot"
31,"31-21","Chichimila"
31,"31-20","Chicxulub Pueblo"
31,"31-19","Chemax"
31,"31-18","Chapab"
31,"31-17","Chankom"
31,"31-16","Chacsinkin"
31,"31-15","Cuzama"
31,"31-14","Cuncunul"
31,"31-13","Conkal"
31,"31-12","Cenotillo"
31,"31-10","Cantamayec"
31,"31-9","Cansahcab"
31,"31-8","Calotmul"
31,"31-7","Cacalchen"
31,"31-6","Buctzotz"
31,"31-5","Bokoba"
31,"31-4","Baca"
31,"31-3","Akil"
31,"31-79","Tekax"
31,"31-78","Tekanto"
31,"31-77","Tekal de Venegas"
31,"31-76","Tecoh"
31,"31-75","Teabo"
31,"31-74","Tahmek"
31,"31-73","Tahdziu"
31,"31-72","Suma"
31,"31-71","Sudzal"
31,"31-70","Sucila"
31,"31-69","Sotuta"
31,"31-68","Sinanche"
31,"31-67","Seye"
31,"31-66","Santa Elena"
31,"31-65","San Felipe"
31,"31-64","Sanahcat"
31,"31-63","Samahil"
31,"31-62","Sacalum"
31,"31-61","Rio Lagartos"
31,"31-60","Quintana Roo"
31,"31-58","Peto"
31,"31-57","Panaba"
31,"31-56","Oxkutzcab"
31,"31-55","Opichen"
31,"31-54","Muxupip"
31,"31-53","Muna"
31,"31-59","Progreso"
31,"31-11","Celestun"
31,"31-106","Yobain"
31,"31-105","Yaxkukul"
31,"31-104","Yaxcaba"
31,"31-103","Xocchel"
31,"31-102","Valladolid"
31,"31-2","Acanceh"
31,"31-1","Abala"
31,"31-101","Uman"
31,"31-100","Ucu"
31,"31-99","Uayma"
31,"31-98","Tzucacab"
31,"31-97","Tunkas"
31,"31-96","Tizimin"
31,"31-95","Tixpehual"
31,"31-94","Tixmehuac"
31,"31-93","Tixkokob"
31,"31-92","Tixcacalcupul"
31,"31-91","Tinum"
31,"31-90","Timucuy"
31,"31-89","Ticul"
31,"31-88","Teya"
31,"31-87","Tetiz"
31,"31-86","Tepakan"
31,"31-85","Temozon"
31,"31-84","Temax"
31,"31-83","Telchac Puerto"
31,"31-82","Telchac Pueblo"
31,"31-81","Tekom"
31,"31-80","Tekit"
30,"30-109","Misantla"
30,"30-108","Minatitlan"
30,"30-107","Las Minas"
30,"30-106","Miahuatlan"
30,"30-105","Medellin"
30,"30-103","Mecatlan"
30,"30-102","Martinez de la Torre"
30,"30-101","Mariano Escobedo"
30,"30-100","Manlio Fabio Altamirano"
30,"30-99","Maltrata"
30,"30-98","Magdalena"
30,"30-97","Lerdo de Tejada"
30,"30-96","Landero y Coss"
30,"30-95","Juchique de Ferrer"
30,"30-94","Juan Rodriguez Clara"
30,"30-93","Jilotepec"
30,"30-92","Xico"
30,"30-91","Jesus Carranza"
30,"30-90","Jamapa"
30,"30-89","Jaltipan"
30,"30-88","Jalcomulco"
30,"30-87","Xalapa"
30,"30-86","Jalacingo"
30,"30-85","Ixtaczoquitlan"
30,"30-84","Ixmatlahuacan"
30,"30-83","Ixhuatlan de Madero"
30,"30-82","Ixhuatlan del Sureste"
30,"30-81","Ixhuatlancillo"
30,"30-138","Rio Blanco"
30,"30-137","Los Reyes"
30,"30-136","Rafael Lucio"
30,"30-135","Rafael Delgado"
30,"30-134","Puente Nacional"
30,"30-133","Pueblo Viejo"
30,"30-132","Las Vigas de Ramirez"
30,"30-131","Poza Rica de Hidalgo"
30,"30-130","Playa Vicente"
30,"30-129","Platon Sanchez"
30,"30-128","Perote"
30,"30-127","La Perla"
30,"30-126","Paso de Ovejas"
30,"30-125","Paso del Macho"
30,"30-124","Papantla"
30,"30-123","Panuco"
30,"30-122","Pajapan"
30,"30-121","Ozuluama de Mascarenas"
30,"30-120","Oteapan"
30,"30-119","Otatitlan"
30,"30-118","Orizaba"
30,"30-117","Omealca"
30,"30-116","Oluta"
30,"30-115","Nogales"
30,"30-114","Nautla"
30,"30-113","Naranjal"
30,"30-112","Naolinco"
30,"30-111","Moloacan"
30,"30-110","Mixtla de Altamirano"
30,"30-51","Coyutla"
30,"30-50","Coxquihui"
30,"30-49","Cotaxtla"
30,"30-48","Cosoleacaque"
30,"30-47","Coscomatepec"
30,"30-46","Cosautlan de Carvajal"
30,"30-45","Cosamaloapan de Carpio"
30,"30-44","Cordoba"
30,"30-43","Comapa"
30,"30-42","Colipa"
30,"30-41","Coetzala"
30,"30-40","Coatzintla"
30,"30-39","Coatzacoalcos"
30,"30-38","Coatepec"
30,"30-37","Coahuitlan"
30,"30-36","Coacoatzintla"
30,"30-35","Citlaltepetl"
30,"30-34","Cerro Azul"
30,"30-33","Cazones"
30,"30-32","Catemaco"
30,"30-31","Carrillo Puerto"
30,"30-30","Camerino Z Mendoza"
30,"30-29","Calcahualco"
30,"30-28","Boca del Rio"
30,"30-27","Benito Juarez"
30,"30-26","Banderilla"
30,"30-24","Tlaltetela"
30,"30-23","Atzalan"
30,"30-22","Atzacan"
30,"30-21","Atoyac"
30,"30-20","Atlahuilco"
30,"30-19","Astacinga"
30,"30-18","Aquila"
30,"30-17","Apazapan"
30,"30-16","La Antigua"
30,"30-15","Angel R Cabada"
30,"30-14","Amatlan de los Reyes"
30,"30-13","Naranjos Amatlan"
30,"30-12","Amatitlan"
30,"30-11","Alvarado"
30,"30-10","Altotonga"
30,"30-9","Alto Lucero de Gutierrez Barrios"
30,"30-8","Alpatlahuac"
30,"30-7","Camaron de Tejeda"
30,"30-6","Acultzingo"
30,"30-5","Acula"
30,"30-4","Actopan"
30,"30-3","Acayucan"
30,"30-2","Acatlan"
30,"30-1","Acajete"
30,"30-80","Ixhuatlan del Cafe"
30,"30-79","Ixhuacan de los Reyes"
30,"30-78","Ixcatepec"
30,"30-77","Isla"
30,"30-76","Ilamatlan"
30,"30-75","Ignacio de la Llave"
30,"30-74","Huiloapan"
30,"30-73","Hueyapan de Ocampo"
30,"30-72","Huayacocotla"
30,"30-71","Huatusco"
30,"30-70","Hidalgotitlan"
30,"30-69","Gutierrez Zamora"
30,"30-68","Fortin"
30,"30-67","Filomeno Mata"
30,"30-66","Espinal"
30,"30-65","Emiliano Zapata"
30,"30-64","Chumatlan"
30,"30-63","Chontla"
30,"30-62","Chocaman"
30,"30-61","Las Choapas"
30,"30-60","Chinampa de Gorostiza"
30,"30-59","Chinameca"
30,"30-58","Chicontepec"
30,"30-57","Chiconquiaco"
30,"30-54","Chacaltianguis"
30,"30-53","Cuitlahuac"
30,"30-52","Cuichapa"
30,"30-169","Jose Azueta"
30,"30-168","Tequila"
30,"30-167","Tepetzintla"
30,"30-166","Tepetlan"
30,"30-165","Tepatlaxco"
30,"30-164","Teocelo"
30,"30-163","Tenochtitlan"
30,"30-162","Tenampa"
30,"30-161","Tempoal"
30,"30-160","Temapache"
30,"30-159","Tehuipango"
30,"30-158","Tecolutla"
30,"30-157","Castillo de Teayo"
30,"30-156","Tatatila"
30,"30-155","Tantoyuca"
30,"30-154","Tantima"
30,"30-153","Tancoco"
30,"30-152","Tampico Alto"
30,"30-149","Soteapan"
30,"30-148","Soledad de Doblado"
30,"30-147","Soledad Atzompa"
30,"30-146","Sochiapa"
30,"30-145","Soconusco"
30,"30-144","Sayula de Aleman"
30,"30-143","Santiago Tuxtla"
30,"30-142","San Juan Evangelista"
30,"30-141","San Andres Tuxtla"
30,"30-140","San Andres Tenejapan"
30,"30-139","Saltabarranca"
30,"30-200","Zentla"
30,"30-199","Zaragoza"
30,"30-198","Zacualpan"
30,"30-197","Yecuatla"
30,"30-196","Yanga"
30,"30-195","Xoxocotla"
30,"30-194","Villa Aldama"
30,"30-192","Vega de Alatorre"
30,"30-191","Ursulo Galvan"
30,"30-190","Tuxtilla"
30,"30-189","Tuxpam"
30,"30-188","Totutla"
30,"30-187","Tonayan"
30,"30-186","Tomatlan"
30,"30-185","Tlilapan"
30,"30-184","Tlaquilpa"
30,"30-183","Tlapacoyan"
30,"30-182","Tlalnelhuayocan"
30,"30-181","Tlalixcoyan"
30,"30-180","Tlachichilco"
30,"30-179","Tlacotepec de Mejia"
30,"30-178","Tlacotalpan"
30,"30-177","Tlacolulan"
30,"30-176","Tlacojalpan"
30,"30-175","Tihuatlan"
30,"30-174","Tierra Blanca"
30,"30-173","Tezonapa"
30,"30-172","Texistepec"
30,"30-171","Texhuacan"
30,"30-170","Texcatepec"
30,"30-212","Santiago Sochiapan"
30,"30-211","San Rafael"
30,"30-210","Uxpanapa"
30,"30-209","Tatahuicapan de Juarez"
30,"30-208","Carlos A Carrillo"
30,"30-207","Tres Valles"
30,"30-206","Nanchital de Lazaro Cardenas del Rio"
30,"30-205","El Higo"
30,"30-204","Agua Dulce"
30,"30-203","Zozocolco de Hidalgo"
30,"30-202","Zontecomatlan de Lopez y Fuentes"
30,"30-201","Zongolica"
30,"30-25","Ayahualulco"
30,"30-55","Chalma"
30,"30-56","Chiconamel"
30,"30-151","Tamiahua"
30,"30-104","Mecayapan"
30,"30-193","Veracruz"
30,"30-150","Tamalin"
29,"29-37","Zitlaltepec de Trinidad Sanchez Santos"
29,"29-36","Totolac"
29,"29-35","Tocatlan"
29,"29-34","Tlaxco"
29,"29-33","Tlaxcala"
29,"29-32","Tetlatlahuca"
29,"29-31","Tetla de la Solidaridad"
29,"29-30","Terrenate"
29,"29-29","Tepeyanco"
29,"29-28","Teolocholco"
29,"29-27","Tenancingo"
29,"29-26","Santa Cruz Tlaxcala"
29,"29-25","San Pablo del Monte"
29,"29-24","Panotla"
29,"29-23","Nativitas"
29,"29-22","Acuamanala de Miguel Hidalgo"
29,"29-21","Nanacamilpa de Mariano Arista"
29,"29-19","Tepetitla de Lardizabal"
29,"29-18","Contla de Juan Cuamatzi"
29,"29-17","Mazatecochco de Jose Maria Morelos"
29,"29-16","Ixtenco"
29,"29-15","Ixtacuixtla de Mariano Matamoros"
29,"29-14","Hueyotlipan"
29,"29-13","Huamantla"
29,"29-12","Espanita"
29,"29-11","Munoz de Domingo Arenas"
29,"29-10","Chiautempan"
29,"29-20","Sanctorum de Lazaro Cardenas"
29,"29-1","Amaxac de Guerrero"
29,"29-60","Santa Isabel Xiloxoxtla"
29,"29-59","Santa Cruz Quilehtla"
29,"29-58","Santa Catarina Ayometla"
29,"29-57","Santa Apolonia Teacalco"
29,"29-56","Santa Ana Nopalucan"
29,"29-55","San Lucas Tecopilco"
29,"29-54","San Lorenzo Axocomanitla"
29,"29-53","San Juan Huactzinco"
29,"29-52","San Jose Teacalco"
29,"29-51","San Jeronimo Zacualpan"
29,"29-50","San Francisco Tetlanohcan"
29,"29-49","San Damian Texoloc"
29,"29-48","La Magdalena Tlaltelulco"
29,"29-47","Lazaro Cardenas"
29,"29-46","Emiliano Zapata"
29,"29-45","Benito Juarez"
29,"29-44","Zacatelco"
29,"29-43","Yauhquemecan"
29,"29-42","Xicohtzinco"
29,"29-41","Papalotla de Xicohtencatl"
29,"29-40","Xaltocan"
29,"29-39","Xaloztoc"
29,"29-38","Tzompantepec"
4,"4-2","Campeche"
4,"4-1","Calkini"
4,"4-5","Hecelchakan"
4,"4-11","Candelaria"
4,"4-10","Calakmul"
4,"4-9","Escarcega"
4,"4-8","Tenabo"
4,"4-7","Palizada"
4,"4-6","Hopelchen"
4,"4-4","Champoton"
4,"4-3","Carmen"
3,"3-3","La Paz"
3,"3-1","Comondu"
3,"3-9","Loreto"
3,"3-2","Mulege"
3,"3-8","Los Cabos"
2,"2-4","Tijuana"
2,"2-1","Ensenada"
2,"2-2","Mexicali"
2,"2-5","Playas de Rosarito"
2,"2-3","Tecate"
1,"1-6","Pabellon de Arteaga"
1,"1-5","Jesus Maria"
1,"1-9","Tepezala"
1,"1-8","San Jose de Gracia"
1,"1-7","Rincon de Romos"
1,"1-2","Asientos"
1,"1-1","Aguascalientes"
1,"1-10","El Llano"
1,"1-11","San Francisco de los Romo"
1,"1-3","Calvillo"
1,"1-4","Cosio"
32,"32-17","Guadalupe"
32,"32-58","Santa Maria de la Paz"
32,"32-57","Trancoso"
32,"32-56","Zacatecas"
32,"32-55","Villanueva"
32,"32-54","Villa Hidalgo"
32,"32-53","Villa Gonzalez Ortega"
32,"32-52","Villa Garcia"
32,"32-51","Villa de Cos"
32,"32-50","Vetagrande"
32,"32-49","Valparaiso"
32,"32-48","Tlaltenango de Sanchez Roman"
32,"32-47","Teul de Gonzalez Ortega"
32,"32-46","Tepetongo"
32,"32-45","Tepechitlan"
32,"32-44","Tabasco"
32,"32-43","Susticacan"
32,"32-42","Sombrerete"
32,"32-41","El Salvador"
32,"32-40","Sain Alto"
32,"32-39","Rio Grande"
32,"32-38","Pinos"
32,"32-37","Panuco"
32,"32-36","Ojocaliente"
32,"32-35","Noria de Angeles"
32,"32-34","Nochistlan de Mejia"
32,"32-33","Moyahua de Estrada"
32,"32-32","Morelos"
32,"32-31","Monte Escobedo"
32,"32-30","Momax"
32,"32-29","Miguel Auza"
32,"32-28","Mezquital del Oro"
32,"32-27","Melchor Ocampo"
32,"32-26","Mazapil"
32,"32-25","Luis Moya"
32,"32-24","Loreto"
32,"32-23","Juchipila"
32,"32-22","Juan Aldama"
32,"32-21","Jimenez del Teul"
32,"32-20","Jerez"
32,"32-19","Jalpa"
32,"32-18","Huanusco"
32,"32-16","General Panfilo Natera"
32,"32-15","El Plateado de Joaquin Amaro"
32,"32-14","General Francisco R Murguia"
32,"32-13","General Enrique Estrada"
32,"32-12","Genaro Codina"
32,"32-11","Trinidad Garcia de la Cadena"
32,"32-10","Fresnillo"
32,"32-9","Chalchihuites"
32,"32-8","Cuauhtemoc"
32,"32-7","Concepcion del Oro"
32,"32-6","Canitas de Felipe Pescador"
32,"32-5","Calera"
32,"32-4","Benito Juarez"
32,"32-3","Atolinga"
32,"32-2","Apulco"
32,"32-1","Apozol"
7,"7-96","Tila"
31,"31-33","Halacho"
11,"11-15","Guanajuato"
7,"7-85","Soyalo"
21,"21-7","Ahuatlan"
8,"8-48","Namiquipa"
